Severity,Age,policy_annual_premium,total_claim_amount,policy_number,injury_claim,property_claim,vehicle_claim,fraud_reported
3,22,1406.91,71610,521585,6510,13020,52080,1
1,38,1197.22,5070,342868,780,780,3510,1
3,26,1413.14,34650,687698,7700,3850,23100,0
1,35,1415.74,63400,227811,6340,6340,50720,1
3,35,1583.91,6500,367455,1300,650,4550,0
3,27,1351.1,64100,104594,6410,6410,51280,1
1,54,1333.35,78650,413978,21450,7150,50050,0
3,2,1137.03,51590,429027,9380,9380,32830,0
3,27,1442.99,27700,485665,2770,2770,22160,0
2,14,1315.68,42300,636550,4700,4700,32900,0
3,4,1253.12,87010,543610,7910,15820,63280,0
1,58,1137.16,114920,214618,17680,17680,79560,0
3,20,1215.36,56520,842643,4710,9420,42390,0
3,39,936.61,7280,626808,1120,1120,5040,0
3,14,1301.13,46200,644081,4200,8400,33600,1
2,55,1131.4,63120,892874,10520,10520,42080,1
3,2,1199.44,52110,558938,5790,5790,40530,0
2,23,708.64,77880,275265,14160,7080,56640,0
3,31,1374.22,72930,921202,6630,13260,53040,0
3,22,1475.73,60400,143972,6040,6040,48320,0
2,35,1187.96,47160,183430,0,5240,41920,0
2,34,875.15,37840,431876,0,4730,33110,0
3,15,972.18,71520,285496,17880,5960,47680,1
1,28,1268.79,98160,115399,8180,16360,73620,1
3,8,883.31,77880,736882,7080,14160,56640,0
3,38,1266.92,71500,699044,16500,11000,44000,1
3,26,1322.1,9020,863236,1640,820,6560,0
1,19,848.07,5720,608513,1040,520,4160,1
3,24,1291.7,69840,914088,7760,15520,46560,0
3,23,1104.5,91650,596785,14100,14100,63450,0
1,40,954.16,75600,908616,12600,12600,50400,0
1,48,1337.28,67140,666333,7460,7460,52220,1
3,18,1088.34,29790,336614,3310,3310,23170,0
2,66,1558.29,77110,584859,14020,14020,49070,0
1,28,1415.68,64800,990493,10800,5400,48600,0
1,42,1334.15,53100,129872,10620,5310,37170,1
3,18,988.45,60200,200152,6020,6020,48160,1
3,21,1222.48,5330,933293,1230,820,3280,0
3,18,1155.55,62300,485664,12460,6230,43610,0
3,14,1262.08,60170,982871,10940,10940,38290,1
3,40,1451.62,40000,206213,8000,4000,28000,0
2,27,1737.66,97080,616337,16180,16180,64720,1
2,3,1475.93,51660,448961,5740,5740,40180,0
3,19,538.17,51120,790442,5680,5680,39760,0
3,30,1081.08,56400,108844,11280,11280,33840,0
3,20,1454.43,55120,430029,6890,0,48230,0
3,27,1240.47,77110,529112,0,14020,63090,0
3,16,1273.7,62800,939631,6280,6280,50240,1
3,18,1123.87,7290,866931,810,810,5670,0
3,7,1245.89,76600,582011,15320,7660,53620,0
3,21,1326.62,81800,691189,16360,8180,57260,0
1,49,1073.83,7260,537546,1320,660,5280,0
2,29,1530.52,4300,394975,430,430,3440,0
1,65,1201.41,70510,729634,12820,12820,44870,0
1,46,1393.57,2640,282195,480,480,1680,0
2,21,1276.57,78900,420810,15780,7890,55230,0
3,28.5,1082.49,56430,524836,0,6270,50160,0
2,5,1414.74,2400,307195,300,300,1800,0
3,11,1470.06,65790,623648,7310,7310,51170,0
3,22,870.63,62920,485372,11440,5720,45760,0
1,38,795.23,69480,598554,15440,0,54040,1
1,45,1168.2,44280,303987,7380,3690,33210,0
3,4,993.51,56300,343161,5630,11260,39410,0
1,64,1848.81,68520,519312,11420,5710,51390,1
3,7,1641.73,59130,132902,6570,6570,45990,1
2,29,1362.87,82320,332867,13720,6860,61740,1
3,19,1239.22,89700,356590,13800,13800,62100,1
3,17,835.02,33930,346002,0,3770,30160,0
3,26,1061.33,68530,500533,12460,6230,49840,0
2,32,1279.08,4300,348209,860,860,2580,0
3,16,1105.49,68310,486676,12420,6210,49680,1
2,21,1055.53,61290,260845,6810,6810,47670,1
3,26,895.83,30100,657045,3010,0,27090,0
3,32,1632.93,57120,761189,9520,4760,42840,0
3,25,1405.99,42930,175177,9540,4770,28620,0
3,23,1425.54,51210,116700,11380,5690,34140,0
3,28,1038.09,89400,166264,14900,7450,67050,0
2,0.83,1307.11,59730,527945,10860,10860,38010,0
3,30,1489.24,8060,627540,1240,1240,5580,0
3,22,976.67,72200,279422,14440,7220,50540,1
3,29,1340.43,50800,484200,10160,10160,30480,0
3,31,1267.81,6600,645258,660,1320,4620,0
1,28,1234.2,7500,694662,750,1500,5250,0
2,17,1318.06,6490,960680,1180,1180,4130,0
3,33,769.95,60940,498140,5540,11080,44320,1
3,16,1514.72,58300,498875,5830,11660,40810,0
3,20,873.64,68400,798177,11400,11400,45600,0
1,23,1612.43,64240,614763,11680,11680,40880,0
3,24,1318.24,4700,679370,940,470,3290,0
3,29,1226.83,45120,958857,0,5640,39480,1
3,20,1326.44,66950,686816,10300,10300,46350,0
1,46,1136.83,98340,127754,8940,17880,71520,1
3,26,1322.78,5900,918629,590,590,4720,0
3,59,1483.25,70680,731450,5890,11780,53010,0
3,22,1515.3,93720,307447,17040,8520,68160,0
1,71,1075.18,6930,992145,1260,630,5040,0
1,23,1690.27,72930,900628,6630,6630,59670,1
2,34,1352.83,64890,235220,7210,7210,50470,1
2,34,1148.73,5400,740019,900,900,3600,0
3,28,969.5,5600,246882,700,700,4200,0
3,29,1463.82,79300,797613,15860,15860,47580,0
1,21,1474.17,52800,193442,10560,5280,36960,0
3,33,1497.35,28800,389238,0,3600,25200,0
3,37,1427.14,2970,760179,330,330,2310,0
3,28,1495.1,93480,939905,15580,7790,70110,0
3,21,1141.62,4320,872814,480,480,3360,0
3,29,1125.37,79800,632627,6650,19950,53200,1
3,38,1207.36,74200,283414,7420,14840,51940,0
3,28,1338.5,70590,163161,10860,10860,48870,1
1,47,1074.07,60940,853360,5540,11080,44320,1
3,14.5,1337.56,74700,776860,7470,14940,52290,0
3,22,1298.91,70000,149367,14000,7000,49000,1
3,20,1222.75,81070,395269,14740,14740,51590,0
3,17,1059.52,57720,981123,14430,9620,33670,0
3,21,1124.38,7080,143626,1180,1180,4720,0
3,70.5,1110.37,47700,648397,4770,9540,33390,1
2,29,1374.22,51260,154982,9320,9320,32620,0
1,24,1103.58,70400,330591,6400,12800,51200,1
3,2,1269.76,90000,319232,18000,9000,63000,0
2,21,964.79,72820,531640,13240,6620,52960,0
3,19,1167.3,69300,368050,13860,13860,41580,0
2,32.5,1625.45,76560,253791,12760,12760,51040,1
2,32.5,1394.43,55440,155724,0,6160,49280,1
1,54,1053.24,77130,824540,8570,17140,51420,0
3,12,1040.75,42000,717392,7000,7000,28000,0
3,19,1302.4,36300,965768,3300,9900,23100,0
3,24,1588.55,40320,414779,5760,5760,28800,0
3,2,1399.26,3960,428230,330,660,2970,0
3,45,1352.31,63840,517240,10640,10640,42560,1
3,33,1139,44730,469874,4970,4970,34790,1
3,20,1397.67,84720,718428,14120,14120,56480,0
3,47,823.17,61500,620215,6150,12300,43050,0
2,29,965.13,51000,618659,8500,8500,34000,0
2,25,1922.84,46800,649082,4680,9360,32760,0
2,23,1624.82,78120,437573,17360,8680,52080,0
1,19,1277.25,69200,964657,13840,6920,48440,1
1,37,1439.34,3690,932502,410,410,2870,0
3,16,1281.27,65500,434507,6550,6550,52400,0
1,24,1348.83,76120,935277,13840,6920,55360,0
3,40,1198.15,73560,756054,12260,12260,49040,0
3,22,1221.22,52030,682387,9460,4730,37840,0
3,24,968.74,5170,456604,470,940,3760,0
3,19,1220.71,8190,139872,1890,1260,5040,0
2,18,1238.62,70800,354105,7080,14160,49560,1
2,19,1320.75,45630,165485,5070,5070,35490,0
3,27,990.98,99320,515050,7640,15280,76400,1
3,9,1398.51,64000,795686,12800,6400,44800,1
2,36.5,1355.08,47300,395983,4730,4730,37840,0
2,42,1384.51,71680,119513,8960,8960,53760,1
2,51,847.03,112320,217938,17280,17280,77760,1
1,22,1000.06,82720,203914,7520,15040,60160,0
3,55.5,1046.71,48060,565157,10680,5340,32040,0
3,40.5,1158.03,63570,904191,9780,9780,44010,1
3,27,1372.27,63240,419510,10540,10540,42160,0
1,51,1053.04,54240,575000,9040,9040,36160,1
3,16,1275.39,37280,120485,0,0,37280,1
3,30,1402.75,72100,781181,7210,14420,50470,0
3,37,1344.36,6500,299796,1300,650,4550,0
3,5,1197.71,78240,589749,13040,13040,52160,0
3,44,1203.24,6200,854021,1240,620,4340,0
2,40,1152.4,6160,454086,560,1680,3920,0
3,26,1142.62,76050,139484,11700,11700,52650,0
3,17,1332.07,86060,678849,13240,13240,59580,0
3,1,1166.54,107900,346940,10790,21580,75530,1
3,9,1495.06,99990,985436,18180,18180,63630,0
1,48,1337.92,61380,237418,11160,5580,44640,0
3,45,1587.96,71280,335780,12960,12960,45360,1
1,60,1362.29,64000,491392,12800,6400,44800,0
3,28,1448.84,5940,140880,660,660,4620,0
1,61,1241.97,6700,962591,670,670,5360,0
3,4,1124.6,51740,922565,11940,7960,31840,0
3,1,1079.92,53600,288580,6700,6700,40200,1
3,21,1447.78,44910,154280,4990,4990,34930,0
1,56,1229.16,48100,425973,11100,7400,29600,0
3,18,1226.49,6100,477177,610,1220,4270,0
3,5,897.89,79600,648509,15920,15920,47760,0
1,50,1706.79,77040,914815,8560,8560,59920,0
2,30,1254.18,62590,249048,11380,11380,39830,0
3,36,885.08,85150,144323,13100,13100,58950,0
3,8,1046.58,4950,651861,450,900,3600,0
2,39,1712.68,51100,125324,10220,5110,35770,0
3,9,1097.71,100800,398102,16800,16800,67200,0
2,1,1363.77,90970,514065,16540,16540,57890,0
3,4,1382.88,81840,391652,14880,7440,59520,1
1,39,1141.35,54900,922167,5490,5490,43920,0
3,26,1054.83,88660,442795,8060,16120,64480,1
1,45,1057.77,18000,226330,2250,2250,13500,0
3,40,1488.02,5500,134430,1100,550,3850,0
3,36,920.3,73920,524230,13440,6720,53760,1
2,32,986.53,101860,438817,18520,18520,64820,0
2,19,1440.68,5390,293794,980,980,3430,0
3,19,1086.21,50490,868283,5610,5610,39270,0
2,3,1367.68,55500,828890,5550,11100,38850,0
1,44,1215.85,7040,882920,1280,640,5120,0
1,58,1191.19,40160,918777,5020,0,35140,0
3,28,1594.45,55680,212580,6960,6960,41760,0
3,42,1463.07,5300,602410,530,530,4240,1
3,21,1734.09,5200,976971,650,650,3900,0
2,24,1411.43,59400,630226,5940,11880,41580,0
3,28,1512.58,2520,171254,280,280,1960,0
3,17,1153.35,5760,247116,960,960,3840,0
3,34,1722.95,76700,505969,7670,7670,61360,0
3,45.5,1281.07,5920,653864,740,740,4440,0
3,18,1011.92,64350,586367,7150,7150,50050,0
3,2,1042.26,19080,896890,4240,2120,12720,0
3,32,1235.1,54400,650026,5440,5440,43520,0
3,26,768.91,59800,547744,5980,5980,47840,1
3,16,1301.72,72000,598124,7200,7200,57600,0
1,40,1451.54,65070,436126,7230,14460,43380,0
3,24,767.14,8800,739447,1760,880,6160,0
2,35,1620.89,6120,427484,1020,1020,4080,0
3,22,1048.46,7080,218684,1180,590,5310,0
2,30,1538.26,34320,565564,8580,4290,21450,0
3,22,1217.69,53460,743163,9720,9720,34020,1
1,31,1362.64,81360,604614,6780,13560,61020,1
3,27,1279.13,81070,509928,7370,14740,58960,1
2,42,924.72,63120,593390,5260,10520,47340,0
1,32,1019.44,7200,970607,1440,720,5040,0
2,30,1314.6,70290,174701,12780,6390,51120,1
3,16,1515.18,60190,529398,9260,9260,41670,0
2,27,1649.18,61380,940942,11160,5580,44640,1
3,51,1451.01,28100,442677,2810,5620,19670,0
3,22,978.46,49060,365364,8920,8920,31220,0
1,38,1198.34,57060,114839,6340,6340,44380,0
3,22,1003.23,77880,872734,12980,12980,51920,0
2,19,1212,73500,267885,7350,14700,51450,0
3,20.5,1242.96,88920,740505,6840,13680,68400,0
2,18,1053.02,47630,629663,12990,4330,30310,1
3,12,1693.63,59040,839884,6560,6560,45920,0
1,35,2047.59,79530,241562,14460,7230,57840,0
3,29,1083.72,53680,405533,4880,4880,43920,0
2,59,1138.42,33550,667021,3050,6100,24400,0
3,5,1072.62,69100,511621,6910,6910,55280,0
2,24,1219.04,79750,476923,14500,14500,50750,0
3,21,1371.78,53600,735822,5360,10720,37520,1
2,44,1506.21,76560,492745,12760,6380,57420,0
2,8,1058.21,41130,130930,4570,4570,31990,0
2,19,932.14,78650,261119,14300,7150,57200,1
2,33,1608.34,71060,280709,6460,12920,51680,0
3,19,1728.56,38830,898573,3530,3530,31770,0
3,18,1518.46,53500,547802,5350,5350,42800,0
2,29,1540.19,73700,600845,7370,7370,58960,1
3,22,965.21,6300,390381,630,630,5040,0
3,30,1278.75,65400,629918,10900,10900,43600,0
1,44,773.99,3200,208298,640,320,2240,0
3,25,1532.47,75400,513099,7540,15080,52780,1
2,24,1340.56,58140,184938,6460,6460,45220,0
1,37,1297.75,98670,187775,15180,15180,68310,1
2,54,433.33,5900,326322,1180,590,4130,0
3,18,1025.54,64100,146138,6410,6410,51280,0
3,29,1264.77,55440,336047,5040,10080,40320,1
1,62,1459.97,80850,532330,7350,14700,58800,1
3,30,1238.65,7480,118137,680,680,6120,0
3,41,1050.76,53640,212674,5960,5960,41720,1
3,29,1711.72,63250,935596,5750,11500,46000,1
1,38,865.33,59040,737593,9840,9840,39360,0
1,30,1153.49,50500,812025,10100,5050,35350,0
1,35,1281.25,57690,168151,6410,12820,38460,1
2,50,1342.8,5940,594739,660,660,4620,0
3,3,1443.32,47790,843227,5310,5310,37170,1
1,52,1629.94,3850,283925,350,350,3150,0
1,40,1134.08,59000,475588,5900,5900,47200,1
3,21,1483.91,70600,751905,7060,14120,49420,1
2,36,1304.67,61490,226725,5590,11180,44720,0
3,16,1035.79,57640,942504,5240,10480,41920,0
3,25,1401.2,6890,395572,1060,1060,4770,0
1,58,1665.45,53280,889883,11840,5920,35520,1
1,35,653.66,78300,818167,15660,7830,54810,0
1,28,1080.13,41490,277767,4610,4610,32270,0
3,25,1346.18,68970,842618,12540,6270,50160,0
2,41,1589.54,85300,577810,17060,8530,59710,0
1,37,1251.65,3080,873114,560,280,2240,0
3,33,1083.01,71760,994538,11040,11040,49680,1
1,63,974.59,59700,727792,11940,11940,35820,0
3,45,1399.85,64920,522506,10820,10820,43280,0
2,21,1307.74,37530,367595,4170,4170,29190,0
3,7,1219.27,64080,586104,7120,7120,49840,0
3,35,1411.3,60390,424862,10980,5490,43920,1
3,65,694.45,64350,512813,5850,11700,46800,1
3,28,1006.77,70900,356768,14180,7090,49630,0
3,16,1422.36,46560,330506,7760,7760,31040,0
3,19,1348.32,4730,779075,860,860,3010,1
1,57,1315.56,6820,799501,1240,1240,4340,0
3,33,1407.01,59900,987905,11980,5990,41930,1
3,30,1388.58,79560,967756,13260,13260,53040,0
3,22,1310.76,70290,830414,12780,6390,51120,0
2,42,1004.63,63910,127313,5810,11620,46480,0
3,22,1134.91,6400,786957,640,640,5120,0
1,26,1194,66780,332892,7420,7420,51940,1
1,19,1248.25,8760,448642,1460,1460,5840,0
2,36,1338.54,94160,526039,8560,17120,68480,0
3,24,782.23,51570,444422,5730,11460,34380,0
3,24,1366.9,52700,689500,10540,10540,31620,1
1,30,1275.81,101010,806081,15540,15540,69930,0
3,23.5,1090.65,53400,384618,5340,5340,42720,1
1,2,1326,72120,756459,12020,12020,48080,0
1,47,972.47,77100,655787,7710,15420,53970,0
1,50,806.31,3300,419954,600,0,2700,0
3,20,1416.24,5940,275092,1080,540,4320,0
3,24,1097.64,63720,515698,7080,21240,35400,0
3,19,947.75,7680,132871,1280,640,5760,0
2,46,1018.73,93730,714929,14420,21630,57680,0
3,28,1400.74,87300,297816,17460,17460,52380,0
1,0.92,1155.53,5670,426708,1260,630,3780,0
1,42,1386.93,65800,615047,13160,6580,46060,0
1,17,915.29,36720,771236,4080,4080,28560,1
2,30,1239.55,52800,235869,4800,9600,38400,1
1,30,1366.42,59100,931625,5910,5910,47280,1
1,24,1086.48,77440,371635,14080,7040,56320,0
1,18,1247.87,45700,427199,4570,4570,36560,0
2,26,1312.75,80740,261315,7340,14680,58720,1
3,28,765.64,31350,582973,2850,5700,22800,1
2,43,1327.41,35000,278091,3500,7000,24500,0
3,26,1338.55,68000,153154,13600,6800,47600,0
2,24,1316.63,84500,515217,13000,13000,58500,0
2,54,1286.44,75500,860497,7550,15100,52850,0
1,31,1372.18,90600,351741,15100,15100,60400,0
1,40,1447.77,64320,403737,5360,10720,48240,0
3,22,903.32,31700,162004,6340,3170,22190,0
3,27,1454.42,74280,740384,12380,12380,49520,1
2,30,1603.42,80520,876714,13420,6710,60390,0
2,22,1616.58,63600,951543,6360,12720,44520,0
3,20,1611.83,32800,576723,3280,3280,26240,0
1,36,889.13,44190,391003,9820,4910,29460,0
3,61,1252.08,50400,225865,10080,5040,35280,1
2,36,995.56,88400,984948,17680,8840,61880,0
3,31,1347.92,66550,890328,12100,6050,48400,0
1,16,1724.09,65780,803294,5980,11960,47840,0
3,28,1379.93,51810,414913,9420,4710,37680,1
1,45.5,1554.64,55660,414519,5060,10120,40480,1
1,38,1377.94,44640,818413,9920,4960,29760,0
3,16,1313.33,77660,487356,7060,14120,56480,1
1,42,1259.02,5640,159768,940,940,3760,0
3,30,1371.88,3190,865839,580,580,2030,0
1,29,1399.27,53440,406567,0,6680,46760,0
1,41,1061.98,65250,623032,7250,7250,50750,0
3,45,1365.46,44280,935442,4920,4920,34440,0
1,45,894.4,70290,106873,7810,7810,54670,0
2,2,956.69,87100,563878,8710,8710,69680,0
1,24,1123.89,50380,620855,4580,4580,41220,0
2,28,1085.03,64800,583169,12960,6480,45360,1
2,25,1437.33,70400,337677,12800,12800,44800,0
2,36,988.29,57860,445973,0,10520,47340,1
2,24,1238.89,6240,156694,960,960,4320,0
2,40,1384.64,66600,421940,16650,11100,38850,1
3,34,1595.07,70920,613226,11820,11820,47280,0
3,3,1127.89,39480,804410,6580,6580,26320,0
3,42,929.7,63240,553565,10540,5270,47430,0
3,23,1829.63,67650,399524,12300,6150,49200,0
1,43,904.7,74200,331595,14840,14840,44520,1
3,15,1243.84,64900,380067,12980,12980,38940,0
3,25,1030.95,35900,701521,7180,3590,25130,1
3,23,1285.03,52200,360770,5220,10440,36540,0
3,28,1216.56,78000,958785,6500,13000,58500,0
1,22,966.26,67200,797934,6720,6720,53760,0
2,38,1203.17,63250,883980,11500,5750,46000,0
3,22,1212.12,68760,340614,11460,5730,51570,0
3,23,1573.93,65040,435784,10840,10840,43360,0
3,40,1609.67,82800,563837,20700,13800,48300,1
2,29,1097.57,61700,200827,6170,6170,49360,0
3,45,1618.65,78100,533941,15620,7810,54670,1
3,35,922.67,65520,265026,9360,9360,46800,1
3,27,1342.02,4500,354481,450,450,3600,0
3,30,1195.01,42700,566720,0,6100,36600,1
1,60,994.74,5580,832746,620,620,4340,1
3,35,1050.24,3600,386690,360,720,2520,1
3,22,1313.51,2800,979285,280,280,2240,0
1,24,1102.29,54000,594722,6000,6000,42000,0
1,25,1185.78,48950,216738,4450,8900,35600,1
3,18,1527.95,77800,369048,15560,15560,46680,0
3,19,1366.39,52560,514424,11680,5840,35040,0
1,22,1403.9,44110,954191,4010,8020,32080,0
3,3,927.23,74360,150181,13520,6760,54080,0
1,25,1554.86,6120,388671,680,680,4760,1
3,22,736.07,62280,457244,5190,10380,46710,0
1,27,974.16,26730,206667,4860,4860,17010,0
3,20,973.8,66200,745200,6620,6620,52960,0
3,19,1260.32,45500,412703,9100,4550,31850,0
1,42,1464.03,53040,736771,4420,4420,44200,0
3,1,617.11,50800,347984,10160,5080,35560,1
3,32,1724.46,44200,626074,4420,4420,35360,0
1,35,1161.31,62920,218109,11440,5720,45760,0
3,27,1091.73,49950,999435,5550,5550,38850,1
2,18,1209.07,56430,858060,6270,6270,43890,1
3,1,1241.04,100210,500384,18220,18220,63770,0
2,36,1757.21,49140,903785,5460,5460,38220,0
3,19,802.24,66840,873859,16710,5570,44560,0
2,17,1342.72,62460,204294,6940,6940,48580,0
1,36,1209.41,62810,467106,11420,11420,39970,0
3,21,1141.71,54160,357713,6770,6770,40620,0
3,28,1090.03,48400,890026,9680,4840,33880,0
1,23,1464.73,51480,751612,5720,5720,40040,0
3,24,1118.58,51700,876680,5170,10340,36190,0
3,22,1117.04,65520,756981,10920,5460,49140,0
3,31,1257.83,47700,121439,4770,9540,33390,1
2,46,1082.72,5220,411289,580,580,4060,0
2,23,1191.8,73320,538466,6110,12220,54990,0
2,28,1242.02,74900,932097,14980,7490,52430,0
3,39,1075.71,3190,463727,580,290,2320,0
3,26,969.88,76920,552618,12820,6410,57690,0
3,21,1459.93,77990,936638,7090,14180,56720,0
3,28,1245.61,59670,348814,9180,9180,41310,0
3,20,1462.76,44880,944102,8160,4080,32640,1
2,34,1398.46,82830,689901,7530,15060,60240,0
3,51,1269.64,84480,901083,7680,15360,61440,1
2,3,1455.65,79800,396224,15960,7980,55860,0
3,21,1140.31,53020,682178,9640,9640,33740,0
3,3,1330.46,24200,596298,2200,4400,17600,0
3,42,1190.6,43230,253005,7860,7860,27510,0
3,27,972.5,3190,985924,290,580,2320,0
1,33,1161.91,5850,631565,1300,650,3900,0
2,22,1117.17,6820,630998,620,1240,4960,0
3,44,1101.51,69480,926665,11580,11580,46320,0
3,32,1523.17,94560,302669,7880,15760,70920,0
2,34,984.45,7800,620020,780,780,6240,0
2,18,1257,61270,439828,5570,11140,44560,0
2,30,1434.51,71440,971295,8930,8930,53580,0
3,10,1628,55600,165565,11120,5560,38920,0
3,21,1412.31,5000,936543,1000,500,3500,0
3,29,1362.87,95810,296960,14740,14740,66330,0
3,28,1134.68,69300,501692,6930,13860,48510,0
3,18,1306.78,81120,525224,13520,20280,47320,0
3,54,1021.9,91260,355085,14040,14040,63180,0
2,28,1538.6,60600,830729,6060,12120,42420,0
2,19,1354.5,64800,651948,6480,12960,45360,1
3,28,1282.93,66880,424358,6080,12160,48640,1
3,32,1346.27,58200,131478,5820,5820,46560,0
1,28,1338.4,60570,268833,6730,6730,47110,0
3,33,949.44,69680,287489,8710,8710,52260,1
2,42,977.4,55700,808153,5570,11140,38990,0
3,17,1181.46,62370,687639,5670,5670,51030,0
1,50,1187.53,54340,497347,9880,0,44460,0
1,14,845.16,55170,439660,6130,6130,42910,1
3,21,1442.27,58500,847123,11700,5850,40950,0
2,24,1276.43,59940,172307,6660,6660,46620,0
1,64,1075.41,73400,810189,7340,7340,58720,0
2,31,1111.72,41850,432068,4650,4650,32550,0
2,45,814.96,6400,903203,640,1280,4480,1
3,20,1575.86,3190,253085,580,290,2320,0
3,25,1115.27,5900,180720,590,590,4720,0
2,28,1175.7,57330,492224,6370,6370,44590,0
3,29,793.15,81960,411477,13660,13660,54640,0
1,4,942.51,70400,107181,6400,19200,44800,1
2,13,1056.71,3770,312940,580,580,2610,0
1,34,1255.68,7400,855186,740,1480,5180,0
3,5,1335.13,54810,373935,6090,6090,42630,1
1,52,1178.95,49400,812989,4940,9880,34580,0
2,36,1793.16,68750,993840,12500,6250,50000,0
3,28,1008.38,61500,327856,12300,6150,43050,0
1,30,1396.83,76890,506333,6990,13980,55920,0
1,49,1402.78,56070,263159,6230,12460,37380,0
3,24,1437.88,56000,372912,14000,0,42000,0
3,29,1313.64,4290,552788,780,390,3120,0
1,65,1482.14,60750,722747,6750,6750,47250,0
1,41,1171.75,48730,248467,4430,4430,39870,0
2,50,1353.33,95150,955953,17300,17300,60550,0
3,17,1175.51,7480,910622,680,680,6120,0
1,48,1836.02,79800,137675,13300,6650,59850,1
3,34,1480.79,103560,343421,8630,17260,77670,0
1,47,1453.92,79500,413192,15900,7950,55650,0
2,48,1340.71,76230,247801,6930,13860,55440,1
3,34,714.03,59520,171147,9920,9920,39680,0
3,38,1376.16,47760,431283,5970,5970,35820,1
2,21,914.22,84590,461962,15380,7690,61520,0
1,56,1601.47,61650,149467,6850,6850,47950,0
3,22,1096.79,81400,758740,8140,8140,65120,0
3,0.75,1078.22,58410,628337,10620,5310,42480,0
3,39,1595.28,38610,574637,3510,3510,31590,0
3,38,1217.84,57600,373600,9600,9600,38400,0
2,33,1117.42,53190,930032,5910,11820,35460,0
2,23,1567.37,58300,396590,5830,11660,40810,1
3,22,1294.93,64620,238412,7180,0,57440,0
1,40,1152.12,90480,484321,15080,15080,60320,0
2,34,1441.21,7080,795847,1180,1180,4720,0
3,29,1575.74,6490,218456,590,1180,4720,1
3,22,1233.96,55900,792673,5590,5590,44720,0
3,2,1861.43,63800,662256,6380,6380,51040,1
3,9,1570.86,58160,971338,7270,7270,43620,1
2,37,791.47,6300,714738,630,1260,4410,1
3,50,1012.78,104610,753844,19020,19020,66570,1
3,63,1047.06,69850,976645,12700,6350,50800,0
1,25,1390.29,62900,918037,12580,6290,44030,0
3,8,951.46,59670,996253,6630,6630,46410,1
1,35,1226.78,81500,373731,16300,8150,57050,0
1,58,1280.9,50000,836272,15000,5000,30000,0
3,30,1472.77,48290,167231,8780,8780,30730,0
3,9,1878.44,59070,743330,5370,5370,48330,0
3,19,1418.5,63300,807369,12660,6330,44310,0
3,21,1532.8,65780,735307,11960,11960,41860,0
1,55,1304.35,75400,789208,11600,11600,52200,1
1,71,1551.61,2250,585324,250,250,1750,0
3,21,1326.98,54120,498759,4510,9020,40590,0
3,26,862.92,69480,795004,11580,11580,46320,0
1,54,1331.69,66950,203250,10300,10300,46350,0
3,55,1486.04,64100,430794,12820,6410,44870,1
1,25,870.55,80280,156636,13380,13380,53520,0
3,24,1344.56,4680,284143,520,0,4160,0
3,17,1377.04,39720,740518,6620,6620,26480,0
3,21,1237.88,63580,445289,5780,5780,52020,1
3,21,1525.86,73370,599262,13340,6670,53360,0
3,37,854.58,86790,357949,7890,23670,55230,0
1,16,770.76,49800,493161,9960,4980,34860,0
1,18,1132.74,77440,320251,7040,14080,56320,0
2,33,1173.37,42900,231127,8580,0,34320,0
1,37,1188.28,53820,766193,11960,5980,35880,1
3,28,876.88,57330,555374,12740,6370,38220,0
3,26,1143.95,53370,491484,5930,5930,41510,0
3,29,1409.06,62920,925128,9680,14520,38720,0
3,66,1070.63,61600,265093,6160,12320,43120,0
1,36,916.13,74160,267808,6180,12360,55620,0
1,54,1191.5,80100,116735,8900,8900,62300,0
3,24,1474.66,6560,963680,820,820,4920,0
1,47,1193.45,58800,445694,11760,5880,41160,0
2,34,1437.53,53730,215534,11940,5970,35820,1
3,30,1304.83,60600,232854,5050,10100,45450,0
2,36,1168.8,35750,168260,6500,3250,26000,0
3,32,1164.97,42840,538955,3570,7140,32130,0
1,30,1232.72,87960,243226,14660,14660,58640,1
3,22,1800.76,47800,246435,4780,4780,38240,0
3,35,1187.01,3840,582480,640,640,2560,0
1,44,1559.34,77000,345539,14000,7000,56000,0
3,18,1137.02,88110,924318,16020,16020,56070,0
3,40.5,1281.72,47740,726880,4340,4340,39060,0
2,50,796.35,58960,190588,5360,10720,42880,0
1,49,1270.02,2160,246705,480,240,1440,0
3,39,1383.13,6890,619589,530,1060,5300,0
2,23,1290.74,78870,164988,7170,14340,57360,0
2,2,1216.68,2700,729534,300,300,2100,0
3,17,1251.16,75960,505014,6330,6330,63300,0
3,17,1586.41,75570,920826,6870,13740,54960,1
3,24,1526.11,90240,534982,15040,15040,60160,0
3,30,1028.44,80960,110408,14720,7360,58880,0
2,7,1555.94,79080,283052,6590,13180,59310,0
1,45,1570.77,6820,840806,1240,620,4960,0
1,30,1170.53,62590,382394,5690,11380,45520,0
3,69,1099.95,52400,876699,6550,6550,39300,1
1,22,1472.43,63580,871432,5780,11560,46240,0
1,36,1275.62,61400,379882,6140,6140,49120,0
3,9,1292.3,4700,852002,940,470,3290,1
3,11,1009.37,74140,372891,13480,13480,47180,0
2,32,1093.07,83160,689034,6930,13860,62370,0
1,50,1325.44,10790,743092,1660,830,8300,0
1,64,1017.18,48070,599174,8740,8740,30590,0
2,19,1221.17,51030,421092,5670,11340,34020,0
2,27,1927.87,43280,349658,0,5410,37870,1
3,33,978.27,76400,811042,15280,7640,53480,0
2,8,1221.14,75460,505316,13720,13720,48020,0
1,17,1255.62,69000,116645,13800,6900,48300,1
2,27,999.52,8640,950880,1440,720,6480,0
3,21,1380.89,67210,788502,12220,12220,42770,0
3,22,1010.77,42500,627486,4250,4250,34000,0
3,22,1205.86,86400,498842,14400,7200,64800,0
1,62,1526.61,4620,550294,840,840,2940,1
1,48,1496.44,6930,328387,630,1260,5040,0
1,45,1256.2,41700,540152,8340,8340,25020,0
1,39,1268.35,77330,385932,14060,14060,49210,1
3,36,1421.59,4950,618682,900,450,3600,0
3,30,1500.04,5160,550930,860,860,3440,0
3,40,1433.24,24570,998192,2730,2730,19110,1
2,28,1231.25,53680,663938,4880,9760,39040,0
3,40,1135.43,42900,756870,3900,3900,35100,0
3,62,945.73,84100,337158,16820,8410,58870,1
3,24,1118.76,61560,919875,6840,6840,47880,0
3,19,1231.98,44240,315631,5530,5530,33180,0
3,29,1005.47,57700,113464,11540,5770,40390,0
3,28,1108.97,108030,556415,16620,16620,74790,0
3,32,1392.39,54300,250249,10860,5430,38010,0
2,62,1317.97,32280,403776,5380,5380,21520,1
1,53,1588.22,84600,396002,16920,8460,59220,0
1,36,900.02,69700,976908,6970,6970,55760,0
3,22,1744.64,36400,509489,3640,7280,25480,0
3,16,1260.56,37520,485295,4690,4690,28140,0
3,19,1021.14,79090,361829,14380,14380,50330,0
2,34,1285.09,67770,603632,7530,15060,45180,1
1,39,1537.07,47400,783494,9480,4740,33180,1
3,18,1022.42,71100,439049,7110,14220,49770,0
3,32,1558.86,69400,502634,13880,6940,48580,0
2,25,1757.87,55000,378588,5000,10000,40000,1
1,39,973.5,51090,794731,7860,7860,35370,0
2,54,1430.8,64200,641934,6420,19260,38520,1
1,36,1192.27,67320,113516,12240,12240,42840,0
3,16,1163.83,76120,425631,6920,13840,55360,0
1,18,1003.15,85020,542245,13080,13080,58860,0
2,47,1153.54,68090,512894,12380,12380,43330,0
1,60,1631.1,6030,633090,670,670,4690,0
3,22,1252.48,5100,464234,1020,510,3570,0
3,22,1677.26,4590,290162,510,510,3570,0
3,35,979.73,72400,638155,7240,14480,50680,1
1,52,989.24,70900,911429,14180,7090,49630,0
3,47,1389.86,65100,106186,6510,6510,52080,0
3,40,1233.85,64260,311783,0,14280,49980,0
2,37,1320.39,79970,528385,7270,21810,50890,1
3,36,1435.09,56610,228403,6290,6290,44030,0
2,31,1448.54,84590,209177,7690,7690,69210,1
3,49,1733.56,66780,497929,7420,14840,44520,0
3,18,1533.07,58500,735844,0,6500,52000,0
1,49,1106.77,5000,710741,500,500,4000,0
2,24,995.7,5000,276804,500,1000,3500,1
3,42,1298.85,54450,507545,6050,12100,36300,0
1,37,1276.73,61920,485642,6880,6880,48160,0
3,44,1202.28,43700,796375,4370,4370,34960,1
1,35,671.92,64080,171183,7120,7120,49840,0
3,36,1358.03,55000,110084,10000,10000,35000,1
3,30,1008.79,4400,714784,0,550,3850,0
1,27,1141.1,71640,143924,5970,11940,53730,0
2,22,1397,61740,996850,6860,6860,48020,0
1,40,1664.66,57500,284834,5750,5750,46000,0
3,39,1151.39,8700,830878,870,1740,6090,0
3,21,1546.01,77100,270208,15420,7710,53970,0
3,18,1063.67,59400,407958,6600,6600,46200,0
3,22,709.14,54890,832300,9980,4990,39920,0
3,35,1039.55,74030,927205,6730,13460,53840,0
2,24,1339.39,61490,655356,11180,11180,39130,0
3,34,1202.75,79560,831053,6630,13260,59670,0
3,26,1081.17,4900,432740,490,490,3920,0
2,4,991.39,77770,893853,14140,14140,49490,0
2,26,984.02,74700,594988,7470,14940,52290,1
3,27,1354.83,40600,979544,4060,4060,32480,0
1,42,830.31,45270,191891,10060,10060,25150,0
3,20,987.42,47080,831479,4280,8560,34240,0
3,21,1119.29,40700,714346,4070,4070,32560,1
3,21,1048.39,34650,326289,6300,3150,25200,0
1,61,1074.47,3200,944537,400,400,2400,0
2,57,1230.76,78980,779156,7180,14360,57440,1
1,21,1255.02,6160,856153,560,1120,4480,0
3,26,1555.52,85250,473338,15500,7750,62000,0
3,18,836.11,72840,521694,12140,6070,54630,0
1,80,1450.98,6050,136520,1100,1100,3850,0
3,51,625.08,87890,730819,15980,7990,63920,1
1,32,1133.27,60500,912665,11000,5500,44000,1
1,30,1366.6,88220,469966,16040,16040,56140,0
3,9,1439.9,53680,952300,9760,4880,39040,0
2,28,1230.69,53800,322609,5380,5380,43040,0
3,32,1307.68,54360,890280,4530,9060,40770,1
2,31,1124.69,54340,431583,9880,4940,39520,0
3,41,1520.78,2860,155912,520,260,2080,1
3,37,1609.11,5490,110143,0,1220,4270,0
3,20,1358.91,7370,808544,670,1340,5360,0
1,24,1295.87,50800,409074,5080,5080,40640,1
3,2,1161.03,41520,824728,5190,5190,31140,0
3,32,1441.06,89650,606037,8150,16300,65200,0
3,0.75,1097.99,39690,636843,0,0,39690,0
1,48,1464.42,62260,111874,5660,5660,50940,0
3,19,1543.68,51920,439844,9440,4720,37760,1
1,56,1390.89,53460,463513,9720,4860,38880,0
3,21,1148.58,57100,577858,5710,5710,45680,0
3,23,1616.26,77440,607351,14080,7040,56320,0
3,23,1398.94,68300,682754,6830,13660,47810,0
2,18,1238.92,5060,757352,460,920,3680,0
3,21,968.46,59400,307469,6600,13200,39600,1
3,16,1045.12,69930,526296,0,15540,54390,1
3,18,1537.33,77700,658816,7770,15540,54390,0
2,24,912.3,68750,913337,12500,12500,43750,1
3,27,1007.28,91080,488464,16560,16560,57960,0
3,32,1189.98,48360,480094,4030,8060,36270,0
2,23,1576.41,95000,263108,9500,9500,76000,0
1,58,1172.82,3900,298412,780,390,2730,0
1,50,1312.22,59400,261905,11880,5940,41580,1
3,40,671.01,60210,674485,6690,6690,46830,0
1,47,895.14,43600,223404,8720,4360,30520,0
3,36,1373.21,62800,991480,6280,12560,43960,0
3,20,1625.65,59500,804219,11900,5950,41650,0
2,32,1295.63,53460,483088,5940,5940,41580,0
2,25,1459.96,41690,100804,7580,7580,26530,0
3,49,1219.94,63100,941807,6310,12620,44170,0
3,43,1064.49,62880,593466,5240,10480,47160,1
1,48,959.83,75400,437442,17400,11600,46400,1
2,40,1767.02,46200,942106,4200,8400,33600,0
1,31,1285.01,58500,794951,5850,5850,46800,0
2,70,1422.95,66240,182450,11040,11040,44160,0
2,31,1223.39,65440,730973,8180,8180,49080,0
2,19,1539.06,64200,687755,10700,10700,42800,0
3,18,988.06,32320,757644,4040,4040,24240,0
3,24.5,1740.57,33480,998865,3720,3720,26040,0
3,18,1540.91,4320,944953,480,960,2880,0
3,43,1381.88,4200,386429,840,420,2940,0
1,36,1446.98,57970,108270,10540,5270,42160,0
3,28,1220.86,4320,205134,0,960,3360,0
1,27,948.1,69300,749325,13860,6930,48510,0
3,20,1471.24,32480,774303,4060,4060,24360,0
3,14,1157.97,60480,698470,6720,6720,47040,0
2,60,566.11,2640,719989,440,440,1760,0
2,25,1060.88,6050,309323,550,1100,4400,0
3,14,1524.45,42700,444035,4270,4270,34160,1
3,19,1556.17,40260,431478,3660,7320,29280,1
3,18,1216.24,50000,797634,5000,10000,35000,0
1,15,1484.72,3840,284836,640,320,2880,0
1,31,1203.81,95900,238196,13700,20550,61650,0
3,4,1393.34,56160,885789,6240,12480,37440,0
3,37,1484.48,63030,287436,5730,11460,45840,0
3,25,1581.27,63470,496067,5770,11540,46160,0
1,60,1281.25,44440,206004,8080,4040,32320,1
2,52,1667.83,6600,153027,1200,1200,4200,0
3,44,1497.41,77200,469426,9650,9650,57900,0
3,19,803.36,57000,654974,0,11400,45600,0
1,49,1221.41,2700,943425,300,300,2100,0
3,42,1865.83,47300,641845,4300,8600,34400,0
1,18,1434.27,55110,794534,5010,10020,40080,0
1,35,1114.68,4320,357808,480,480,3360,0
3,18,1218.56,68760,536052,11460,5730,51570,1
3,25,1234.69,74400,873384,14880,7440,52080,1
3,26,964.92,35300,790225,3530,3530,28240,1
2,39,1351.72,2640,587498,480,480,1680,0
2,45,817.28,60190,639027,4630,9260,46300,1
1,42,1389.59,41580,217899,3780,7560,30240,1
1,22,1353.53,58500,589094,11700,0,46800,1
3,4,1294.04,79320,458829,13220,6610,59490,0
1,24,840.81,82610,626208,7510,7510,67590,1
1,41,998.19,78600,315041,13100,19650,45850,1
1,48,1090.32,51390,283267,5710,5710,39970,1
3,29,1780.67,70200,442494,7020,7020,56160,1
2,52,1681.01,4900,159243,490,1470,2940,0
3,19,1395.77,66480,669800,5540,11080,49860,1
1,38,1471.44,50380,520179,4580,9160,36640,1
2,27,1265.72,64350,607974,9900,9900,44550,0
3,33,1274.7,55400,465065,5540,11080,38780,1
2,6,1330.39,49900,369941,4990,9980,34930,0
3,17,1122.95,74880,447226,12480,12480,49920,0
2,34,1655.79,105820,831668,16280,16280,73260,0
2,50,935.77,7150,922937,1300,650,5200,0
1,27,1192.04,55800,640474,11160,11160,33480,0
3,20,990.11,5830,153298,1060,1060,3710,0
2,30,1422.21,85900,334749,17180,17180,51540,1
3,28,914.85,7110,221283,790,1580,4740,0
2,25,1123.84,36960,961496,6720,3360,26880,0
3,25,838.02,64400,804751,6440,6440,51520,0
1,29,1300.68,1920,369226,480,0,1440,0
3,11,1173.21,86130,691115,15660,7830,62640,1
2,41,985.97,82170,713172,14940,7470,59760,1
2,23,1129.23,50300,621756,10060,5030,35210,1
2,23,1194.83,44200,615116,4420,8840,30940,0
3,28.5,1114.29,66660,947598,6060,6060,54540,0
3,48,1509.04,78320,658002,7120,14240,56960,0
1,35,664.86,105040,374545,16160,16160,72720,0
3,20,1267.4,50700,805806,5070,5070,40560,0
3,32,1119.23,51210,235097,11380,5690,34140,0
1,45,1698.51,51840,290971,8640,8640,34560,0
1,36,1422.78,52800,180286,5280,5280,42240,0
1,21,1212.75,55200,662088,9200,13800,32200,0
3,24,1423.34,9100,884365,1400,1400,6300,0
3,31,976.37,67600,178081,13520,6760,47320,0
1,70,1124.59,40800,507452,6800,6800,27200,0
3,16,1569.33,84500,990624,13000,13000,58500,1
2,30,1359.36,71610,892148,13020,6510,52080,1
1,19,1607.36,60600,398683,6060,12120,42420,1
3,31,1042.25,81240,605100,6770,20310,54160,1
2,4,1453.95,29300,143109,2930,5860,20510,0
3,6,1969.63,76450,230223,6950,13900,55600,0
3,33,1156.19,49400,769602,9880,4940,34580,0
3,23,1124.47,90530,420815,16460,16460,57610,0
2,48,1493.5,8030,973546,1460,730,5840,0
2,0.67,1155.38,63900,608039,6390,6390,51120,0
3,28,878.19,38640,250162,4830,4830,28980,0
2,18,1145.85,41490,786432,9220,4610,27660,0
3,34,1261.28,79090,445195,14380,7190,57520,0
1,33,1427.46,87900,938634,17580,8790,61530,0
3,23,1592.41,53400,482495,5340,5340,42720,0
3,41,1274.63,52030,796005,9460,9460,33110,0
3,20,1362.31,82060,910604,14920,7460,59680,0
1,36,919.37,48360,327488,8060,8060,32240,0
3,16,1377.23,52290,715202,5810,11620,34860,0
1,51,995.55,68200,648852,12400,12400,43400,1
1,46,1508.12,60750,516959,13500,6750,40500,1
3,30.5,484.67,65560,984456,11920,11920,41720,1
3,28,1561.41,70290,801331,12780,12780,44730,0
3,32,1457.21,45000,786103,5000,5000,35000,0
3,24,1128.71,61800,684193,12360,6180,43260,0
3,48,1358.2,64570,247505,5870,11740,46960,0
2,57,1232.79,70500,259792,7050,14100,49350,0
3,29,936.19,57900,185124,17370,5790,34740,0
2,54,1302.34,57860,760700,5260,10520,42080,0
3,18,1264.99,37800,362407,8400,4200,25200,0
3,20,1467.76,63300,389525,6330,6330,50640,0
3,5,1124.43,44200,179538,8840,4420,30940,0
3,22,1319.81,31680,265437,3520,3520,24640,0
1,43,1482.53,100,266247,10,20,70,0
3,13,1328.18,56340,921851,6260,6260,43820,0
1,17,1463.95,69740,488724,6340,6340,57060,0
1,29,1133.85,60480,192524,5040,15120,40320,0
3,35,1037.32,80880,338070,6740,13480,60660,0
3,25,1562.8,49390,865607,8980,4490,35920,0
3,25,1425.79,69360,963285,11560,11560,46240,0
3,18,1615.14,3740,728491,680,680,2380,0
3,8,1236.5,5060,553436,460,920,3680,0
3,1,1017.97,35860,440616,3260,6520,26080,1
1,46,1306,50050,463237,7700,3850,38500,1
3,20,1174.14,59070,753452,10740,5370,42960,0
2,16,1231.01,28440,920554,3160,3160,22120,0
3,21,1299.18,45540,594783,8280,8280,28980,1
1,43,1469.75,38700,725330,7740,3870,27090,0
3,25,1390.72,5830,607259,1060,530,4240,0
2,39,1694.09,57240,979336,4770,9540,42930,1
1,49,1140.15,46200,865201,4200,8400,33600,0
3,31,1310.71,57700,140977,5770,5770,46160,0
3,30,1730.49,56160,787351,4680,9360,42120,0
3,30,1616.65,44400,272330,5550,5550,33300,0
2,34,1935.85,92730,728025,16860,8430,67440,1
2,31,855.14,30700,804608,3070,6140,21490,0
1,11,1568.47,56600,718829,11320,5660,39620,0
3,0.42,1550.53,3960,482404,660,660,2640,0
3,27,1370.92,34800,331170,3480,6960,24360,0
3,31,1363.59,79500,753056,7950,7950,63600,0
1,39,828.42,56000,910365,5600,5600,44800,0
3,18,1209.63,73260,379268,16280,0,56980,1
2,39,1111.17,4950,362843,900,450,3600,0
1,33,989.97,48000,135400,4800,9600,33600,0
3,26,1114.23,52200,798579,10440,5220,36540,0
3,39,1347.31,73800,250833,12300,12300,49200,0
2,35,1687.53,78200,824116,15640,7820,54740,0
3,6,1183.48,55200,322613,13800,9200,32200,1
3,30.5,1537.13,57060,871305,6340,6340,44380,0
1,39,1173.25,4680,488037,520,520,3640,0
3,23,1361.16,53100,485813,5310,5310,42480,1
2,31,1422.56,3520,886473,640,320,2560,0
3,43,1143.06,72900,907113,14580,14580,43740,0
3,10,1405.71,70700,833321,7070,14140,49490,0
1,52,1354.2,60170,521592,5470,10940,43760,0
3,27,1055.6,74800,254837,13600,6800,54400,1
1,38,999.43,4100,634499,820,410,2870,0
3,27,1155.97,61490,574707,5590,11180,44720,0
3,2,1726.91,7200,476839,720,1440,5040,0
3,36,1232.57,45100,149601,8200,4100,32800,0
3,23,1078.65,66660,630683,12120,6060,48480,0
2,1,1324.78,76400,500639,15280,7640,53480,1
3,19,1518.54,58300,352120,10600,10600,37100,0
1,62,1239.06,57310,569245,5210,10420,41680,0
3,15,1246.68,53100,907012,5900,5900,41300,0
2,0.83,1622.67,74700,700074,14940,7470,52290,0
3,30,1082.36,60500,866805,12100,6050,42350,0
3,23,1270.55,84920,951863,7720,15440,61760,1
3,18,1236.32,61050,211578,5550,11100,44400,0
1,39,785.82,69080,357394,12560,6280,50240,1
3,21,1265.84,4560,863749,760,380,3420,0
3,20,1508.9,67800,596914,11300,11300,45200,0
3,32,1106.84,5600,684653,1120,560,3920,0
1,29,1389.13,9000,528259,900,1800,6300,0
3,20,974.84,85320,797636,21330,7110,56880,0
2,16,1304.46,5940,326180,540,1080,4320,1
1,30,1257.36,51370,620075,9340,4670,37360,1
3,34.5,1257.04,51600,965187,10320,5160,36120,0
3,17,719.52,5400,516182,600,600,4200,0
3,42,1524.18,48870,728839,5430,5430,38010,0
3,18,1395.58,5590,771509,860,860,3870,0
3,35,1243.68,54960,264221,6870,0,48090,1
2,28,1189.04,39800,602704,7960,3980,27860,0
1,40,1375.29,56160,672416,6240,6240,43680,1
3,4,1389.13,52700,545506,5270,10540,36890,0
3,74,1387.51,68580,777533,7620,7620,53340,0
3,9,1178.61,90860,953334,12980,19470,58410,1
1,16,1166.62,5700,369781,570,570,4560,0
2,44,1556.31,94930,990998,8630,8630,77670,0
3,18,1452.27,46800,982678,4680,9360,32760,1
1,45,1212.07,56320,646069,7040,7040,42240,0
1,51,1578.54,83490,331683,7590,15180,60720,0
3,24,1488.26,57900,364055,5790,5790,46320,0
3,30,1096.39,49410,521854,5490,5490,38430,0
3,41,1215.36,66200,737252,6620,6620,52960,0
2,21,1482.57,64080,344480,10680,10680,42720,0
1,48,954.18,42500,898519,8500,4250,29750,0
3,14,1193.4,48950,957816,8900,4450,35600,0
2,24,1023.11,58850,175960,10700,10700,37450,0
2,42,1524.45,82400,489618,8240,8240,65920,0
2,27,1653.32,54240,717044,6780,6780,40680,0
1,31,1022.46,74200,101421,7420,7420,59360,0
3,23,1396.43,47430,793948,5270,5270,36890,0
3,4,1521.55,68200,737483,13640,6820,47740,1
3,26,1034.27,63900,695117,7100,7100,49700,0
1,47,1255.35,59300,167466,11860,5930,41510,0
1,33,1396.89,66900,664732,6690,13380,46830,1
3,47,795.31,40810,143038,3710,7420,29680,1
2,28,982.22,75400,979963,15080,7540,52780,0
3,15,1074.07,4200,467841,420,840,2940,0
3,20,1311.3,52650,219028,5850,5850,40950,1
3,19,1277.12,42240,130156,7680,7680,26880,0
3,23,1388.62,59490,762951,6610,6610,46270,0
1,56,1406.52,44200,376879,4420,4420,35360,1
2,25,1558.29,7700,599031,770,1540,5390,0
3,33,1132.47,61440,676255,10240,10240,40960,0
3,22,1896.91,54400,985446,5440,10880,38080,1
2,28,1143.46,58560,884180,9760,9760,39040,0
3,25,1285.42,67300,571462,6730,6730,53840,1
3,39,1305.26,36740,815883,3340,6680,26720,1
2,27,1073.83,85690,258265,15580,15580,54530,0
1,19,1051.67,34160,569714,0,4270,29890,1
3,7,1387.35,61320,180008,10220,10220,40880,0
1,26,1083.64,79680,633375,13280,13280,53120,0
3,32,1851.78,61740,556538,6860,6860,48020,0
2,30,1270.29,6400,669501,640,640,5120,0
3,28,1459.99,60600,963761,12120,6060,42420,0
2,25,1253.44,56320,753005,10240,5120,40960,0
3,25,1142.48,52250,454758,9500,4750,38000,0
1,29,1188.45,53900,698589,5390,10780,37730,0
3,11,1125.4,2640,330119,220,440,1980,0
2,41,1294.41,8970,164464,1380,1380,6210,0
2,23,1459.5,6000,927354,1000,1000,4000,0
2,23,1367.99,55200,231508,11040,5520,38640,1
3,28.5,1594.37,7260,272910,660,1320,5280,0
3,48,1035.99,64680,305758,11760,11760,41160,0
1,35,911.53,59200,950542,0,11840,47360,0
2,34,1319.97,4700,291544,470,940,3290,0
2,31,1391.63,69400,388616,6940,6940,55520,0
1,11,915.41,40500,577992,4050,4050,32400,0
3,0.42,1468.82,60000,342830,5000,10000,45000,0
3,27,1412.76,67320,491170,11220,11220,44880,0
3,31,1588.26,75690,175553,8410,8410,58870,0
1,39,1140.91,64300,439341,6430,6430,51440,1
3,18,1517.54,64400,221186,6440,6440,51520,0
2,39,912.29,97080,868031,16180,16180,64720,0
1,33,1144.3,5500,844117,500,500,4500,0
3,26,1281.43,30700,744557,3070,6140,21490,0
3,39,1101.85,33480,159536,3720,3720,26040,0
2,35,1082.1,65430,727109,14540,7270,43620,0
3,6,1185.44,42680,155604,3880,7760,31040,1
3,30.5,1175.07,87780,608443,7980,7980,71820,0
1,39,979.26,72800,117862,14560,14560,43680,0
3,23,920.81,71190,991553,0,7910,63280,1
2,31,922.85,3600,727443,400,400,2800,0
3,43,1107.59,62640,378587,10440,10440,41760,0
3,10,1272.46,69630,420948,12660,6330,50640,0
1,52,1340.24,76010,457188,13820,6910,55280,1
3,27,1648,44220,118236,8040,4020,32160,0
1,38,1381.14,57200,987524,5200,10400,41600,0
3,27,1198.44,3080,490596,560,560,1960,0
3,2,951.27,75790,524215,13780,6890,55120,0
3,36,1341.24,32670,913464,5940,2970,23760,0
3,23,1177.57,3870,398484,430,860,2580,0
2,1,1055.09,91520,752504,8320,16640,66560,1
3,19,1479.48,74690,449263,6790,13580,54320,1
1,62,1827.38,4620,844007,420,840,3360,0
3,15,1169.62,55000,686522,10000,10000,35000,1
2,0.83,1516.34,59400,670142,13200,6600,39600,1
3,30,1270.21,55260,607687,6140,0,49120,0
3,23,809.11,51400,967713,5140,10280,35980,0
3,18,1115.81,48780,291902,5420,10840,32520,0
1,39,1457.65,52380,149839,5820,5820,40740,0
3,21,1041.36,74360,840225,13520,13520,47320,1
3,20,1693.83,53400,643226,5340,5340,42720,0
3,32,1685.69,71800,535879,14360,14360,43080,0
1,29,1054.92,68240,746630,8530,0,59710,1
3,20,1333.97,61050,598308,11100,11100,38850,1
2,16,1013.61,5590,720356,860,860,3870,0
1,30,958.3,46860,724752,8520,8520,29820,0
3,34.5,1112.04,4290,148498,780,780,2730,0
3,17,1206.26,78500,110122,15700,7850,54950,0
3,42,763.67,70830,281388,7870,7870,55090,0
3,18,1042.56,68040,728600,15120,7560,45360,0
3,35,1263.48,63600,231548,5300,10600,47700,1
2,28,1006.99,43560,531160,4840,4840,33880,0
1,40,1328.26,60840,889003,13520,6760,40560,0
3,4,1250.08,68160,193213,11360,11360,45440,0
3,74,982.7,5170,557218,940,470,3760,0
3,9,1412.06,57700,125591,5770,5770,46160,0
1,16,1066.7,89520,227244,14920,14920,59680,0
2,44,1585.54,4620,791425,420,840,3360,0
3,18,1416.08,45180,354455,5020,5020,35140,0
1,45,1246.03,45100,601042,9020,4510,31570,0
1,51,1356.64,83160,433663,15120,15120,52920,0
3,24,1387.7,86130,471938,15660,15660,54810,0
3,30,1004.14,48000,564654,9600,4800,33600,0
3,41,1107.07,3300,645723,600,600,2100,0
2,21,1429.96,57200,573572,11440,5720,40040,0
1,48,1074.99,7590,437960,1380,690,5520,0
3,14,1007,80080,649800,12320,12320,55440,0
2,24,1052.85,4800,544225,960,480,3360,0
2,42,1200.33,3900,390256,390,780,2730,1
2,27,1343,90400,488597,9040,9040,72320,0
1,31,1441.6,62900,133889,6290,12580,44030,0
3,23,1433.42,54200,931901,5420,10840,37940,1
3,4,1368.57,51800,769475,5180,10360,36260,0
3,26,862.19,6600,844062,600,1200,4800,0
1,47,871.46,74140,844129,13480,6740,53920,0
1,33,1863.04,67800,732169,13560,6780,47460,0
3,47,1181.64,55400,221854,5540,11080,38780,1
2,28,1060.74,49100,776950,9820,4910,34370,1
3,15,951.56,98280,291006,15120,7560,75600,1
3,20,1533.71,66550,845751,6050,12100,48400,0
3,19,1200.09,70400,889764,14080,7040,49280,0
3,23,1093.83,53280,929306,4440,8880,39960,1
1,56,988.93,84590,515457,15380,15380,53830,0
2,25,1331.94,54560,556270,9920,9920,34720,0
3,33,1361.45,82170,908935,7470,7470,67230,0
2,29,1188.51,61100,525862,6110,12220,42770,0
1,24,1101.83,51900,490514,5190,10380,36330,1
3,2,840.95,3440,774895,430,430,2580,0
2,21,1503.21,51390,974522,5710,11420,34260,0
3,19,1722.5,76900,669809,7690,7690,61520,0
2,32.5,944.03,77000,182953,15400,7700,53900,1
2,32.5,1453.61,60320,836349,9280,9280,41760,1
1,54,1672.88,60700,591269,12140,6070,42490,0
3,12,1248.05,53280,550127,5920,0,47360,0
3,19,1564.43,34290,663190,3810,3810,26670,0
3,24,1280.88,46980,109392,0,5220,41760,0
3,2,722.66,36700,215278,3670,7340,25690,0
3,45,1235.14,60200,674570,6020,6020,48160,0
3,33,1347.04,6480,681486,540,1080,4860,0
3,20,1310.8,87200,941851,17440,8720,61040,0
3,47,1436.79,108480,186934,18080,18080,72320,0
2,29,1383.49,67500,918516,7500,7500,52500,0
2,25,1356.92,46980,533940,5220,5220,36540,0
2,23,766.19,5060,556080,460,920,3680,0
